 ,Label,Area,Mean,StdDev,Mode,Min,Max,X,Y,XM,YM,Perim.,BX,BY,Width,Height,Major,Minor,Angle,Circ.,Feret,IntDen,Median,Skew,Kurt,%Area,RawIntDen,FeretX,FeretY,FeretAngle,MinFeret,AR,Round,Solidity,MinThr,MaxThr
1,37_y-1.roi:37_y-1,0,0,0,0,0,0,146.00000000,1000.00000000,146.00000000,1000.00000000,0,146,1000,1,1,1.12837917,1.12837917,0,0.00000000,0.00000000,0,0,NaN,NaN,0,0,146.00000000,1000.00000000,0.00000000,0,0.00000000,0.00000000,NaN,0,255
2,37_y-1.roi:37_y-1,0,0,0,0,0,0,1069.50000000,813.50000000,1069.50000000,813.50000000,0,1070,814,1,1,1.12837917,1.12837917,0,0.00000000,0.00000000,0,0,NaN,NaN,0,0,1069.50000000,813.50000000,0.00000000,0,0.00000000,0.00000000,NaN,0,255
3,37_y-1.roi:37_y-1,0,0,0,0,0,0,1303.50000000,801.50000000,1303.50000000,801.50000000,0,1304,802,1,1,1.12837917,1.12837917,0,0.00000000,0.00000000,0,0,NaN,NaN,0,0,1303.50000000,801.50000000,0.00000000,0,0.00000000,0.00000000,NaN,0,255
4,37_y-1.roi:37_y-1,0,0,0,0,0,0,1483.50000000,877.50000000,1483.50000000,877.50000000,0,1484,878,1,1,1.12837917,1.12837917,0,0.00000000,0.00000000,0,0,NaN,NaN,0,0,1483.50000000,877.50000000,0.00000000,0,0.00000000,0.00000000,NaN,0,255
5,37_y-1.roi:37_y-1,0,0,0,0,0,0,1417.50000000,925.50000000,1417.50000000,925.50000000,0,1418,926,1,1,1.12837917,1.12837917,0,0.00000000,0.00000000,0,0,NaN,NaN,0,0,1417.50000000,925.50000000,0.00000000,0,0.00000000,0.00000000,NaN,0,255
6,37_y-1.roi,1511445,0,0,0,0,0,747.50000000,505.50000000,747.50000000,505.50000000,5012,0,0,1495,1011,1686.92685472,1140.79133787,0,0.75610148,1804.75649327,0,0,NaN,NaN,0,0,0.00000000,0.00000000,145.93131212,1011,1.47873393,0.67625418,1.00000000,0,255
7,Mar19bS1C1R3_VLPAGl_200x_y.png,1920000,0,0,0,0,0,800.00000000,600.00000000,NaN,NaN,5600,0,0,1600,1200,1805.40666726,1354.05500044,0,0.76936963,2000.00000000,0,0,NaN,NaN,0,0,0.00000000,0.00000000,143.13010235,1200,1.33333333,0.75000000,1.00000000,0,65535
8,Mar19bS2C1R1_LHl_200x_y-1.roi:Mar19bS2C1R1_LHl_200x_y-1,0,0,0,0,0,0,58.00000000,366.00000000,58.00000000,366.00000000,0,58,366,1,1,1.12837917,1.12837917,0,0.00000000,0.00000000,0,0,NaN,NaN,0,0,58.00000000,366.00000000,0.00000000,0,0.00000000,0.00000000,NaN,0,255
9,Mar19bS2C1R1_LHl_200x_y-1.roi:Mar19bS2C1R1_LHl_200x_y-1,0,0,0,0,0,0,1521.50000000,397.50000000,1521.50000000,397.50000000,0,1522,398,1,1,1.12837917,1.12837917,0,0.00000000,0.00000000,0,0,NaN,NaN,0,0,1521.50000000,397.50000000,0.00000000,0,0.00000000,0.00000000,NaN,0,255
10,Mar19bS2C1R1_LHl_200x_y-1.roi,626997,0,0,0,0,0,766.50000000,204.50000000,766.50000000,204.50000000,3884,0,0,1533,409,1729.80526307,461.50707932,0,0.52229622,1586.62219826,0,0,NaN,NaN,0,0,0.00000000,0.00000000,165.06160433,409,3.74816626,0.26679713,1.00000000,0,255
11,Mar20bS1C1R3_VLPAGl_200x_y-1.roi:Mar20bS1C1R3_VLPAGl_200x_y-1,0,0,0,0,0,0,1018.00000000,930.00000000,1018.00000000,930.00000000,0,1018,930,1,1,1.12837917,1.12837917,0,0.00000000,0.00000000,0,0,NaN,NaN,0,0,1018.00000000,930.00000000,0.00000000,0,0.00000000,0.00000000,NaN,0,255
12,Mar20bS1C1R3_VLPAGl_200x_y-1.roi,968289,0,0,0,0,0,514.50000000,470.50000000,514.50000000,470.50000000,3940,0,0,1029,941,1161.10216288,1061.80479618,0,0.78383097,1394.38947213,0,0,NaN,NaN,0,0,0.00000000,0.00000000,137.55770506,941,1.09351753,0.91448008,1.00000000,0,255
13,Mar23bS1C1R4_VLPAGl_200x_y.png,1920000,0,0,0,0,0,800.00000000,600.00000000,NaN,NaN,5600,0,0,1600,1200,1805.40666726,1354.05500044,0,0.76936963,2000.00000000,0,0,NaN,NaN,0,0,0.00000000,0.00000000,143.13010235,1200,1.33333333,0.75000000,1.00000000,0,65535
14,Mar23bS1C5R2_DMr_200x_y-1.roi:Mar23bS1C5R2_DMr_200x_y-1,0,0,0,0,0,0,988.00000000,682.00000000,988.00000000,682.00000000,0,988,682,1,1,1.12837917,1.12837917,0,0.00000000,0.00000000,0,0,NaN,NaN,0,0,988.00000000,682.00000000,0.00000000,0,0.00000000,0.00000000,NaN,0,255
15,Mar23bS1C5R2_DMr_200x_y-1.roi:Mar23bS1C5R2_DMr_200x_y-1,0,0,0,0,0,0,475.50000000,823.50000000,475.50000000,823.50000000,0,476,824,1,1,1.12837917,1.12837917,0,0.00000000,0.00000000,0,0,NaN,NaN,0,0,475.50000000,823.50000000,0.00000000,0,0.00000000,0.00000000,NaN,0,255
16,Mar23bS1C5R2_DMr_200x_y-1.roi,834165,0,0,0,0,0,499.50000000,417.50000000,499.50000000,417.50000000,3668,0,0,999,835,1127.25078787,942.19660447,0,0.77911788,1302.00844851,0,0,NaN,NaN,0,0,0.00000000,0.00000000,140.10991361,835,1.19640719,0.83583584,1.00000000,0,255
17,Mar26bS2C1R1_LHr_200x_y-1.roi:Mar26bS2C1R1_LHr_200x_y-1,0,0,0,0,0,0,1114.00000000,622.00000000,1114.00000000,622.00000000,0,1114,622,1,1,1.12837917,1.12837917,0,0.00000000,0.00000000,0,0,NaN,NaN,0,0,1114.00000000,622.00000000,0.00000000,0,0.00000000,0.00000000,NaN,0,255
18,Mar26bS2C1R1_LHr_200x_y-1.roi:Mar26bS2C1R1_LHr_200x_y-1,0,0,0,0,0,0,1009.50000000,1077.50000000,1009.50000000,1077.50000000,0,1010,1078,1,1,1.12837917,1.12837917,0,0.00000000,0.00000000,0,0,NaN,NaN,0,0,1009.50000000,1077.50000000,0.00000000,0,0.00000000,0.00000000,NaN,0,255
19,Mar26bS2C1R1_LHr_200x_y-1.roi,1225125,0,0,0,0,0,562.50000000,544.50000000,562.50000000,544.50000000,4428,0,0,1125,1089,1269.42656291,1228.80491290,0,0.78519051,1565.74135795,0,0,NaN,NaN,0,0,0.00000000,0.00000000,135.93155660,1089,1.03305785,0.96800000,1.00000000,0,255
20,Mar27bS1C2R2_LHr_200x_y-1.roi:Mar27bS1C2R2_LHr_200x_y-1,0,0,0,0,0,0,410.00000000,208.00000000,410.00000000,208.00000000,0,410,208,1,1,1.12837917,1.12837917,0,0.00000000,0.00000000,0,0,NaN,NaN,0,0,410.00000000,208.00000000,0.00000000,0,0.00000000,0.00000000,NaN,0,255
21,Mar27bS1C2R2_LHr_200x_y-1.roi:Mar27bS1C2R2_LHr_200x_y-1,0,0,0,0,0,0,979.50000000,13.50000000,979.50000000,13.50000000,0,980,14,1,1,1.12837917,1.12837917,0,0.00000000,0.00000000,0,0,NaN,NaN,0,0,979.50000000,13.50000000,0.00000000,0,0.00000000,0.00000000,NaN,0,255
22,Mar27bS1C2R2_LHr_200x_y-1.roi:Mar27bS1C2R2_LHr_200x_y-1,0,0,0,0,0,0,259.50000000,637.50000000,259.50000000,637.50000000,0,260,638,1,1,1.12837917,1.12837917,0,0.00000000,0.00000000,0,0,NaN,NaN,0,0,259.50000000,637.50000000,0.00000000,0,0.00000000,0.00000000,NaN,0,255
23,Mar27bS1C2R2_LHr_200x_y-1.roi:Mar27bS1C2R2_LHr_200x_y-1,0,0,0,0,0,0,307.50000000,613.50000000,307.50000000,613.50000000,0,308,614,1,1,1.12837917,1.12837917,0,0.00000000,0.00000000,0,0,NaN,NaN,0,0,307.50000000,613.50000000,0.00000000,0,0.00000000,0.00000000,NaN,0,255
24,Mar27bS1C2R2_LHr_200x_y-1.roi:Mar27bS1C2R2_LHr_200x_y-1,0,0,0,0,0,0,433.50000000,607.50000000,433.50000000,607.50000000,0,434,608,1,1,1.12837917,1.12837917,0,0.00000000,0.00000000,0,0,NaN,NaN,0,0,433.50000000,607.50000000,0.00000000,0,0.00000000,0.00000000,NaN,0,255
25,Mar27bS1C2R2_LHr_200x_y-1.roi:Mar27bS1C2R2_LHr_200x_y-1,0,0,0,0,0,0,745.50000000,645.50000000,745.50000000,645.50000000,0,746,646,1,1,1.12837917,1.12837917,0,0.00000000,0.00000000,0,0,NaN,NaN,0,0,745.50000000,645.50000000,0.00000000,0,0.00000000,0.00000000,NaN,0,255
26,Mar27bS1C2R2_LHr_200x_y-1.roi:Mar27bS1C2R2_LHr_200x_y-1,0,0,0,0,0,0,825.50000000,963.50000000,825.50000000,963.50000000,0,826,964,1,1,1.12837917,1.12837917,0,0.00000000,0.00000000,0,0,NaN,NaN,0,0,825.50000000,963.50000000,0.00000000,0,0.00000000,0.00000000,NaN,0,255
27,Mar27bS1C2R2_LHr_200x_y-1.roi:Mar27bS1C2R2_LHr_200x_y-1,0,0,0,0,0,0,1077.50000000,459.50000000,1077.50000000,459.50000000,0,1078,460,1,1,1.12837917,1.12837917,0,0.00000000,0.00000000,0,0,NaN,NaN,0,0,1077.50000000,459.50000000,0.00000000,0,0.00000000,0.00000000,NaN,0,255
28,Mar27bS1C2R2_LHr_200x_y-1.roi:Mar27bS1C2R2_LHr_200x_y-1,0,0,0,0,0,0,1033.50000000,391.50000000,1033.50000000,391.50000000,0,1034,392,1,1,1.12837917,1.12837917,0,0.00000000,0.00000000,0,0,NaN,NaN,0,0,1033.50000000,391.50000000,0.00000000,0,0.00000000,0.00000000,NaN,0,255
29,Mar27bS1C2R2_LHr_200x_y-1.roi:Mar27bS1C2R2_LHr_200x_y-1,0,0,0,0,0,0,951.50000000,229.50000000,951.50000000,229.50000000,0,952,230,1,1,1.12837917,1.12837917,0,0.00000000,0.00000000,0,0,NaN,NaN,0,0,951.50000000,229.50000000,0.00000000,0,0.00000000,0.00000000,NaN,0,255
30,Mar27bS1C2R2_LHr_200x_y-1.roi:Mar27bS1C2R2_LHr_200x_y-1,0,0,0,0,0,0,1101.50000000,261.50000000,1101.50000000,261.50000000,0,1102,262,1,1,1.12837917,1.12837917,0,0.00000000,0.00000000,0,0,NaN,NaN,0,0,1101.50000000,261.50000000,0.00000000,0,0.00000000,0.00000000,NaN,0,255
31,Mar27bS1C2R2_LHr_200x_y-1.roi:Mar27bS1C2R2_LHr_200x_y-1,0,0,0,0,0,0,1389.50000000,511.50000000,1389.50000000,511.50000000,0,1390,512,1,1,1.12837917,1.12837917,0,0.00000000,0.00000000,0,0,NaN,NaN,0,0,1389.50000000,511.50000000,0.00000000,0,0.00000000,0.00000000,NaN,0,255
32,Mar27bS1C2R2_LHr_200x_y-1.roi:Mar27bS1C2R2_LHr_200x_y-1,0,0,0,0,0,0,1525.50000000,531.50000000,1525.50000000,531.50000000,0,1526,532,1,1,1.12837917,1.12837917,0,0.00000000,0.00000000,0,0,NaN,NaN,0,0,1525.50000000,531.50000000,0.00000000,0,0.00000000,0.00000000,NaN,0,255
33,Mar27bS1C2R2_LHr_200x_y-1.roi,1498575,0,0,0,0,0,768.50000000,487.50000000,768.50000000,487.50000000,5024,0,0,1537,975,1734.31877973,1100.16968786,0,0.74608634,1820.16317950,0,0,NaN,NaN,0,0,0.00000000,0.00000000,147.61089330,975,1.57641026,0.63435264,1.00000000,0,255
34,MAR38S1C3R1_DMR_20_o.roi:MAR38S1C3R1_DMR_20_o,0,0,0,0,0,0,664.00000000,16.00000000,664.00000000,16.00000000,0,664,16,1,1,1.12837917,1.12837917,0,0.00000000,0.00000000,0,0,NaN,NaN,0,0,664.00000000,16.00000000,0.00000000,0,0.00000000,0.00000000,NaN,0,255
35,MAR38S1C3R1_DMR_20_o.roi:MAR38S1C3R1_DMR_20_o,0,0,0,0,0,0,944.27612305,6.96268654,944.27612305,6.96268654,0,944,7,1,1,1.12837917,1.12837917,0,0.00000000,0.00000000,0,0,NaN,NaN,0,0,944.27612305,6.96268654,0.00000000,0,0.00000000,0.00000000,NaN,0,255
36,MAR38S1C3R1_DMR_20_o.roi:MAR38S1C3R1_DMR_20_o,0,0,0,0,0,0,1250.24633789,47.26119232,1250.24633789,47.26119232,0,1250,47,1,1,1.12837917,1.12837917,0,0.00000000,0.00000000,0,0,NaN,NaN,0,0,1250.24633789,47.26119232,0.00000000,0,0.00000000,0.00000000,NaN,0,255
37,MAR38S1C3R1_DMR_20_o.roi:MAR38S1C3R1_DMR_20_o,0,0,0,0,0,0,1496.51489258,47.26119232,1496.51489258,47.26119232,0,1497,47,1,1,1.12837917,1.12837917,0,0.00000000,0.00000000,0,0,NaN,NaN,0,0,1496.51489258,47.26119232,0.00000000,0,0.00000000,0.00000000,NaN,0,255
38,MAR38S1C3R1_DMR_20_o.roi:MAR38S1C3R1_DMR_20_o,0,0,0,0,0,0,1562.18652344,139.79850769,1562.18652344,139.79850769,0,1562,140,1,1,1.12837917,1.12837917,0,0.00000000,0.00000000,0,0,NaN,NaN,0,0,1562.18652344,139.79850769,0.00000000,0,0.00000000,0.00000000,NaN,0,255
39,MAR38S1C3R1_DMR_20_o.roi:MAR38S1C3R1_DMR_20_o,0,0,0,0,0,0,1518.90307617,224.87313843,1518.90307617,224.87313843,0,1519,225,1,1,1.12837917,1.12837917,0,0.00000000,0.00000000,0,0,NaN,NaN,0,0,1518.90307617,224.87313843,0.00000000,0,0.00000000,0.00000000,NaN,0,255
40,MAR38S1C3R1_DMR_20_o.roi:MAR38S1C3R1_DMR_20_o,0,0,0,0,0,0,1495.02246094,195.02239990,1495.02246094,195.02239990,0,1495,195,1,1,1.12837917,1.12837917,0,0.00000000,0.00000000,0,0,NaN,NaN,0,0,1495.02246094,195.02239990,0.00000000,0,0.00000000,0.00000000,NaN,0,255
41,MAR38S1C3R1_DMR_20_o.roi:MAR38S1C3R1_DMR_20_o,0,0,0,0,0,0,1145.76867676,180.09701538,1145.76867676,180.09701538,0,1146,180,1,1,1.12837917,1.12837917,0,0.00000000,0.00000000,0,0,NaN,NaN,0,0,1145.76867676,180.09701538,0.00000000,0,0.00000000,0.00000000,NaN,0,255
42,MAR38S1C3R1_DMR_20_o.roi:MAR38S1C3R1_DMR_20_o,0,0,0,0,0,0,627.85821533,103.97760773,627.85821533,103.97760773,0,628,104,1,1,1.12837917,1.12837917,0,0.00000000,0.00000000,0,0,NaN,NaN,0,0,627.85821533,103.97760773,0.00000000,0,0.00000000,0.00000000,NaN,0,255
43,MAR38S1C3R1_DMR_20_o.roi:MAR38S1C3R1_DMR_20_o,0,0,0,0,0,0,703.97760010,126.36566925,703.97760010,126.36566925,0,704,126,1,1,1.12837917,1.12837917,0,0.00000000,0.00000000,0,0,NaN,NaN,0,0,703.97760010,126.36566925,0.00000000,0,0.00000000,0.00000000,NaN,0,255
44,MAR38S1C3R1_DMR_20_o.roi:MAR38S1C3R1_DMR_20_o,0,0,0,0,0,0,859.20147705,208.45523071,859.20147705,208.45523071,0,859,208,1,1,1.12837917,1.12837917,0,0.00000000,0.00000000,0,0,NaN,NaN,0,0,859.20147705,208.45523071,0.00000000,0,0.00000000,0.00000000,NaN,0,255
45,MAR38S1C3R1_DMR_20_o.roi:MAR38S1C3R1_DMR_20_o,0,0,0,0,0,0,887.55969238,221.88806152,887.55969238,221.88806152,0,888,222,1,1,1.12837917,1.12837917,0,0.00000000,0.00000000,0,0,NaN,NaN,0,0,887.55969238,221.88806152,0.00000000,0,0.00000000,0.00000000,NaN,0,255
46,MAR38S1C3R1_DMR_20_o.roi:MAR38S1C3R1_DMR_20_o,0,0,0,0,0,0,939.79846191,195.02239990,939.79846191,195.02239990,0,940,195,1,1,1.12837917,1.12837917,0,0.00000000,0.00000000,0,0,NaN,NaN,0,0,939.79846191,195.02239990,0.00000000,0,0.00000000,0.00000000,NaN,0,255
47,MAR38S1C3R1_DMR_20_o.roi:MAR38S1C3R1_DMR_20_o,0,0,0,0,0,0,1114.42541504,199.50000000,1114.42541504,199.50000000,0,1114,200,1,1,1.12837917,1.12837917,0,0.00000000,0.00000000,0,0,NaN,NaN,0,0,1114.42541504,199.50000000,0.00000000,0,0.00000000,0.00000000,NaN,0,255
48,MAR38S1C3R1_DMR_20_o.roi:MAR38S1C3R1_DMR_20_o,0,0,0,0,0,0,1132.33581543,221.88806152,1132.33581543,221.88806152,0,1132,222,1,1,1.12837917,1.12837917,0,0.00000000,0.00000000,0,0,NaN,NaN,0,0,1132.33581543,221.88806152,0.00000000,0,0.00000000,0.00000000,NaN,0,255
49,MAR38S1C3R1_DMR_20_o.roi:MAR38S1C3R1_DMR_20_o,0,0,0,0,0,0,1244.27612305,278.60446167,1244.27612305,278.60446167,0,1244,279,1,1,1.12837917,1.12837917,0,0.00000000,0.00000000,0,0,NaN,NaN,0,0,1244.27612305,278.60446167,0.00000000,0,0.00000000,0.00000000,NaN,0,255
50,MAR38S1C3R1_DMR_20_o.roi:MAR38S1C3R1_DMR_20_o,0,0,0,0,0,0,1221.88806152,300.99252319,1221.88806152,300.99252319,0,1222,301,1,1,1.12837917,1.12837917,0,0.00000000,0.00000000,0,0,NaN,NaN,0,0,1221.88806152,300.99252319,0.00000000,0,0.00000000,0.00000000,NaN,0,255
51,MAR38S1C3R1_DMR_20_o.roi:MAR38S1C3R1_DMR_20_o,0,0,0,0,0,0,1375.61938477,242.78358459,1375.61938477,242.78358459,0,1376,243,1,1,1.12837917,1.12837917,0,0.00000000,0.00000000,0,0,NaN,NaN,0,0,1375.61938477,242.78358459,0.00000000,0,0.00000000,0.00000000,NaN,0,255
52,MAR38S1C3R1_DMR_20_o.roi:MAR38S1C3R1_DMR_20_o,0,0,0,0,0,0,1483.08203125,296.51492310,1483.08203125,296.51492310,0,1483,297,1,1,1.12837917,1.12837917,0,0.00000000,0.00000000,0,0,NaN,NaN,0,0,1483.08203125,296.51492310,0.00000000,0,0.00000000,0.00000000,NaN,0,255
53,MAR38S1C3R1_DMR_20_o.roi:MAR38S1C3R1_DMR_20_o,0,0,0,0,0,0,1447.26123047,342.78356934,1447.26123047,342.78356934,0,1447,343,1,1,1.12837917,1.12837917,0,0.00000000,0.00000000,0,0,NaN,NaN,0,0,1447.26123047,342.78356934,0.00000000,0,0.00000000,0.00000000,NaN,0,255
54,MAR38S1C3R1_DMR_20_o.roi:MAR38S1C3R1_DMR_20_o,0,0,0,0,0,0,1481.58959961,365.17163086,1481.58959961,365.17163086,0,1482,365,1,1,1.12837917,1.12837917,0,0.00000000,0.00000000,0,0,NaN,NaN,0,0,1481.58959961,365.17163086,0.00000000,0,0.00000000,0.00000000,NaN,0,255
55,MAR38S1C3R1_DMR_20_o.roi:MAR38S1C3R1_DMR_20_o,0,0,0,0,0,0,1324.87304688,409.94775391,1324.87304688,409.94775391,0,1325,410,1,1,1.12837917,1.12837917,0,0.00000000,0.00000000,0,0,NaN,NaN,0,0,1324.87304688,409.94775391,0.00000000,0,0.00000000,0.00000000,NaN,0,255
56,MAR38S1C3R1_DMR_20_o.roi:MAR38S1C3R1_DMR_20_o,0,0,0,0,0,0,1208.45520020,421.88806152,1208.45520020,421.88806152,0,1208,422,1,1,1.12837917,1.12837917,0,0.00000000,0.00000000,0,0,NaN,NaN,0,0,1208.45520020,421.88806152,0.00000000,0,0.00000000,0.00000000,NaN,0,255
57,MAR38S1C3R1_DMR_20_o.roi:MAR38S1C3R1_DMR_20_o,0,0,0,0,0,0,1366.66418457,311.44027710,1366.66418457,311.44027710,0,1367,311,1,1,1.12837917,1.12837917,0,0.00000000,0.00000000,0,0,NaN,NaN,0,0,1366.66418457,311.44027710,0.00000000,0,0.00000000,0.00000000,NaN,0,255
58,MAR38S1C3R1_DMR_20_o.roi:MAR38S1C3R1_DMR_20_o,0,0,0,0,0,0,1029.35070801,341.29104614,1029.35070801,341.29104614,0,1029,341,1,1,1.12837917,1.12837917,0,0.00000000,0.00000000,0,0,NaN,NaN,0,0,1029.35070801,341.29104614,0.00000000,0,0.00000000,0.00000000,NaN,0,255
59,MAR38S1C3R1_DMR_20_o.roi:MAR38S1C3R1_DMR_20_o,0,0,0,0,0,0,945.76867676,262.18655396,945.76867676,262.18655396,0,946,262,1,1,1.12837917,1.12837917,0,0.00000000,0.00000000,0,0,NaN,NaN,0,0,945.76867676,262.18655396,0.00000000,0,0.00000000,0.00000000,NaN,0,255
60,MAR38S1C3R1_DMR_20_o.roi:MAR38S1C3R1_DMR_20_o,0,0,0,0,0,0,954.72387695,306.96267700,954.72387695,306.96267700,0,955,307,1,1,1.12837917,1.12837917,0,0.00000000,0.00000000,0,0,NaN,NaN,0,0,954.72387695,306.96267700,0.00000000,0,0.00000000,0.00000000,NaN,0,255
61,MAR38S1C3R1_DMR_20_o.roi:MAR38S1C3R1_DMR_20_o,0,0,0,0,0,0,632.33581543,293.52984619,632.33581543,293.52984619,0,632,294,1,1,1.12837917,1.12837917,0,0.00000000,0.00000000,0,0,NaN,NaN,0,0,632.33581543,293.52984619,0.00000000,0,0.00000000,0.00000000,NaN,0,255
62,MAR38S1C3R1_DMR_20_o.roi:MAR38S1C3R1_DMR_20_o,0,0,0,0,0,0,1249.50000000,57.16666412,1249.50000000,57.16666412,0,1250,57,1,1,1.12837917,1.12837917,0,0.00000000,0.00000000,0,0,NaN,NaN,0,0,1249.50000000,57.16666412,0.00000000,0,0.00000000,0.00000000,NaN,0,255
63,MAR38S1C3R1_DMR_20_o.roi:MAR38S1C3R1_DMR_20_o,0,0,0,0,0,0,1486.83325195,55.83333588,1486.83325195,55.83333588,0,1487,56,1,1,1.12837917,1.12837917,0,0.00000000,0.00000000,0,0,NaN,NaN,0,0,1486.83325195,55.83333588,0.00000000,0,0.00000000,0.00000000,NaN,0,255
64,MAR38S1C3R1_DMR_20_o.roi:MAR38S1C3R1_DMR_20_o,0,0,0,0,0,0,1442.83325195,467.83331299,1442.83325195,467.83331299,0,1443,468,1,1,1.12837917,1.12837917,0,0.00000000,0.00000000,0,0,NaN,NaN,0,0,1442.83325195,467.83331299,0.00000000,0,0.00000000,0.00000000,NaN,0,255
65,MAR38S1C3R1_DMR_20_o.roi:MAR38S1C3R1_DMR_20_o,0,0,0,0,0,0,1385.50000000,473.16665649,1385.50000000,473.16665649,0,1386,473,1,1,1.12837917,1.12837917,0,0.00000000,0.00000000,0,0,NaN,NaN,0,0,1385.50000000,473.16665649,0.00000000,0,0.00000000,0.00000000,NaN,0,255
66,MAR38S1C3R1_DMR_20_o.roi:MAR38S1C3R1_DMR_20_o,0,0,0,0,0,0,1097.50000000,437.16665649,1097.50000000,437.16665649,0,1098,437,1,1,1.12837917,1.12837917,0,0.00000000,0.00000000,0,0,NaN,NaN,0,0,1097.50000000,437.16665649,0.00000000,0,0.00000000,0.00000000,NaN,0,255
67,MAR38S1C3R1_DMR_20_o.roi:MAR38S1C3R1_DMR_20_o,0,0,0,0,0,0,1045.50000000,437.16665649,1045.50000000,437.16665649,0,1046,437,1,1,1.12837917,1.12837917,0,0.00000000,0.00000000,0,0,NaN,NaN,0,0,1045.50000000,437.16665649,0.00000000,0,0.00000000,0.00000000,NaN,0,255
68,MAR38S1C3R1_DMR_20_o.roi:MAR38S1C3R1_DMR_20_o,0,0,0,0,0,0,1014.83337402,487.83331299,1014.83337402,487.83331299,0,1015,488,1,1,1.12837917,1.12837917,0,0.00000000,0.00000000,0,0,NaN,NaN,0,0,1014.83337402,487.83331299,0.00000000,0,0.00000000,0.00000000,NaN,0,255
69,MAR38S1C3R1_DMR_20_o.roi:MAR38S1C3R1_DMR_20_o,0,0,0,0,0,0,893.50000000,435.83331299,893.50000000,435.83331299,0,894,436,1,1,1.12837917,1.12837917,0,0.00000000,0.00000000,0,0,NaN,NaN,0,0,893.50000000,435.83331299,0.00000000,0,0.00000000,0.00000000,NaN,0,255
70,MAR38S1C3R1_DMR_20_o.roi:MAR38S1C3R1_DMR_20_o,0,0,0,0,0,0,857.50000000,373.16665649,857.50000000,373.16665649,0,858,373,1,1,1.12837917,1.12837917,0,0.00000000,0.00000000,0,0,NaN,NaN,0,0,857.50000000,373.16665649,0.00000000,0,0.00000000,0.00000000,NaN,0,255
71,MAR38S1C3R1_DMR_20_o.roi:MAR38S1C3R1_DMR_20_o,0,0,0,0,0,0,917.50000000,399.83331299,917.50000000,399.83331299,0,918,400,1,1,1.12837917,1.12837917,0,0.00000000,0.00000000,0,0,NaN,NaN,0,0,917.50000000,399.83331299,0.00000000,0,0.00000000,0.00000000,NaN,0,255
72,MAR38S1C3R1_DMR_20_o.roi:MAR38S1C3R1_DMR_20_o,0,0,0,0,0,0,925.50000000,423.83331299,925.50000000,423.83331299,0,926,424,1,1,1.12837917,1.12837917,0,0.00000000,0.00000000,0,0,NaN,NaN,0,0,925.50000000,423.83331299,0.00000000,0,0.00000000,0.00000000,NaN,0,255
73,MAR38S1C3R1_DMR_20_o.roi:MAR38S1C3R1_DMR_20_o,0,0,0,0,0,0,705.50000000,473.16665649,705.50000000,473.16665649,0,706,473,1,1,1.12837917,1.12837917,0,0.00000000,0.00000000,0,0,NaN,NaN,0,0,705.50000000,473.16665649,0.00000000,0,0.00000000,0.00000000,NaN,0,255
74,MAR38S1C3R1_DMR_20_o.roi:MAR38S1C3R1_DMR_20_o,0,0,0,0,0,0,622.83331299,527.83337402,622.83331299,527.83337402,0,623,528,1,1,1.12837917,1.12837917,0,0.00000000,0.00000000,0,0,NaN,NaN,0,0,622.83331299,527.83337402,0.00000000,0,0.00000000,0.00000000,NaN,0,255
75,MAR38S1C3R1_DMR_20_o.roi:MAR38S1C3R1_DMR_20_o,0,0,0,0,0,0,810.83331299,575.83337402,810.83331299,575.83337402,0,811,576,1,1,1.12837917,1.12837917,0,0.00000000,0.00000000,0,0,NaN,NaN,0,0,810.83331299,575.83337402,0.00000000,0,0.00000000,0.00000000,NaN,0,255
76,MAR38S1C3R1_DMR_20_o.roi:MAR38S1C3R1_DMR_20_o,0,0,0,0,0,0,801.50000000,537.16668701,801.50000000,537.16668701,0,802,537,1,1,1.12837917,1.12837917,0,0.00000000,0.00000000,0,0,NaN,NaN,0,0,801.50000000,537.16668701,0.00000000,0,0.00000000,0.00000000,NaN,0,255
77,MAR38S1C3R1_DMR_20_o.roi:MAR38S1C3R1_DMR_20_o,0,0,0,0,0,0,977.50000000,607.83337402,977.50000000,607.83337402,0,978,608,1,1,1.12837917,1.12837917,0,0.00000000,0.00000000,0,0,NaN,NaN,0,0,977.50000000,607.83337402,0.00000000,0,0.00000000,0.00000000,NaN,0,255
78,MAR38S1C3R1_DMR_20_o.roi:MAR38S1C3R1_DMR_20_o,0,0,0,0,0,0,1165.50000000,539.83337402,1165.50000000,539.83337402,0,1166,540,1,1,1.12837917,1.12837917,0,0.00000000,0.00000000,0,0,NaN,NaN,0,0,1165.50000000,539.83337402,0.00000000,0,0.00000000,0.00000000,NaN,0,255
79,MAR38S1C3R1_DMR_20_o.roi:MAR38S1C3R1_DMR_20_o,0,0,0,0,0,0,1237.50000000,545.16668701,1237.50000000,545.16668701,0,1238,545,1,1,1.12837917,1.12837917,0,0.00000000,0.00000000,0,0,NaN,NaN,0,0,1237.50000000,545.16668701,0.00000000,0,0.00000000,0.00000000,NaN,0,255
80,MAR38S1C3R1_DMR_20_o.roi:MAR38S1C3R1_DMR_20_o,0,0,0,0,0,0,1357.50000000,529.16668701,1357.50000000,529.16668701,0,1358,529,1,1,1.12837917,1.12837917,0,0.00000000,0.00000000,0,0,NaN,NaN,0,0,1357.50000000,529.16668701,0.00000000,0,0.00000000,0.00000000,NaN,0,255
81,MAR38S1C3R1_DMR_20_o.roi:MAR38S1C3R1_DMR_20_o,0,0,0,0,0,0,1337.50000000,603.83337402,1337.50000000,603.83337402,0,1338,604,1,1,1.12837917,1.12837917,0,0.00000000,0.00000000,0,0,NaN,NaN,0,0,1337.50000000,603.83337402,0.00000000,0,0.00000000,0.00000000,NaN,0,255
82,MAR38S1C3R1_DMR_20_o.roi:MAR38S1C3R1_DMR_20_o,0,0,0,0,0,0,1289.50000000,639.83337402,1289.50000000,639.83337402,0,1290,640,1,1,1.12837917,1.12837917,0,0.00000000,0.00000000,0,0,NaN,NaN,0,0,1289.50000000,639.83337402,0.00000000,0,0.00000000,0.00000000,NaN,0,255
83,MAR38S1C3R1_DMR_20_o.roi:MAR38S1C3R1_DMR_20_o,0,0,0,0,0,0,1285.50000000,695.83337402,1285.50000000,695.83337402,0,1286,696,1,1,1.12837917,1.12837917,0,0.00000000,0.00000000,0,0,NaN,NaN,0,0,1285.50000000,695.83337402,0.00000000,0,0.00000000,0.00000000,NaN,0,255
84,MAR38S1C3R1_DMR_20_o.roi:MAR38S1C3R1_DMR_20_o,0,0,0,0,0,0,1137.50000000,607.83337402,1137.50000000,607.83337402,0,1138,608,1,1,1.12837917,1.12837917,0,0.00000000,0.00000000,0,0,NaN,NaN,0,0,1137.50000000,607.83337402,0.00000000,0,0.00000000,0.00000000,NaN,0,255
85,MAR38S1C3R1_DMR_20_o.roi:MAR38S1C3R1_DMR_20_o,0,0,0,0,0,0,1106.83337402,683.83337402,1106.83337402,683.83337402,0,1107,684,1,1,1.12837917,1.12837917,0,0.00000000,0.00000000,0,0,NaN,NaN,0,0,1106.83337402,683.83337402,0.00000000,0,0.00000000,0.00000000,NaN,0,255
86,MAR38S1C3R1_DMR_20_o.roi:MAR38S1C3R1_DMR_20_o,0,0,0,0,0,0,1033.50000000,749.16668701,1033.50000000,749.16668701,0,1034,749,1,1,1.12837917,1.12837917,0,0.00000000,0.00000000,0,0,NaN,NaN,0,0,1033.50000000,749.16668701,0.00000000,0,0.00000000,0.00000000,NaN,0,255
87,MAR38S1C3R1_DMR_20_o.roi:MAR38S1C3R1_DMR_20_o,0,0,0,0,0,0,822.83331299,755.83337402,822.83331299,755.83337402,0,823,756,1,1,1.12837917,1.12837917,0,0.00000000,0.00000000,0,0,NaN,NaN,0,0,822.83331299,755.83337402,0.00000000,0,0.00000000,0.00000000,NaN,0,255
88,MAR38S1C3R1_DMR_20_o.roi:MAR38S1C3R1_DMR_20_o,0,0,0,0,0,0,813.50000000,860.83337402,813.50000000,860.83337402,0,814,861,1,1,1.12837917,1.12837917,0,0.00000000,0.00000000,0,0,NaN,NaN,0,0,813.50000000,860.83337402,0.00000000,0,0.00000000,0.00000000,NaN,0,255
89,MAR38S1C3R1_DMR_20_o.roi:MAR38S1C3R1_DMR_20_o,0,0,0,0,0,0,1014.83337402,962.16668701,1014.83337402,962.16668701,0,1015,962,1,1,1.12837917,1.12837917,0,0.00000000,0.00000000,0,0,NaN,NaN,0,0,1014.83337402,962.16668701,0.00000000,0,0.00000000,0.00000000,NaN,0,255
90,MAR38S1C3R1_DMR_20_o.roi:MAR38S1C3R1_DMR_20_o,0,0,0,0,0,0,869.50000000,1092.83325195,869.50000000,1092.83325195,0,870,1093,1,1,1.12837917,1.12837917,0,0.00000000,0.00000000,0,0,NaN,NaN,0,0,869.50000000,1092.83325195,0.00000000,0,0.00000000,0.00000000,NaN,0,255
91,MAR38S1C3R1_DMR_20_o.roi:MAR38S1C3R1_DMR_20_o,0,0,0,0,0,0,1253.50000000,958.16668701,1253.50000000,958.16668701,0,1254,958,1,1,1.12837917,1.12837917,0,0.00000000,0.00000000,0,0,NaN,NaN,0,0,1253.50000000,958.16668701,0.00000000,0,0.00000000,0.00000000,NaN,0,255
92,MAR38S1C3R1_DMR_20_o.roi:MAR38S1C3R1_DMR_20_o,0,0,0,0,0,0,1418.83325195,870.16668701,1418.83325195,870.16668701,0,1419,870,1,1,1.12837917,1.12837917,0,0.00000000,0.00000000,0,0,NaN,NaN,0,0,1418.83325195,870.16668701,0.00000000,0,0.00000000,0.00000000,NaN,0,255
93,MAR38S1C3R1_DMR_20_o.roi:MAR38S1C3R1_DMR_20_o,0,0,0,0,0,0,1453.50000000,812.83337402,1453.50000000,812.83337402,0,1454,813,1,1,1.12837917,1.12837917,0,0.00000000,0.00000000,0,0,NaN,NaN,0,0,1453.50000000,812.83337402,0.00000000,0,0.00000000,0.00000000,NaN,0,255
94,MAR38S1C3R1_DMR_20_o.roi:MAR38S1C3R1_DMR_20_o,0,0,0,0,0,0,1238.83325195,788.83337402,1238.83325195,788.83337402,0,1239,789,1,1,1.12837917,1.12837917,0,0.00000000,0.00000000,0,0,NaN,NaN,0,0,1238.83325195,788.83337402,0.00000000,0,0.00000000,0.00000000,NaN,0,255
95,MAR38S1C3R1_DMR_20_o.roi,1737696,0,0,0,0,0,787.00000000,552.00000000,787.00000000,552.00000000,5356,0,0,1574,1104,1776.06880891,1245.73060041,0,0.76120657,1922.57431586,0,0,NaN,NaN,0,0,0.00000000,0.00000000,144.95426808,1104,1.42572464,0.70139771,1.00000000,0,255
96,MAR55S3C2R2_VLPAGR_20_o-1.roi:MAR55S3C2R2_VLPAGR_20_o-1,0,0,0,0,0,0,1364.00000000,346.00000000,1364.00000000,346.00000000,0,1364,346,1,1,1.12837917,1.12837917,0,0.00000000,0.00000000,0,0,NaN,NaN,0,0,1364.00000000,346.00000000,0.00000000,0,0.00000000,0.00000000,NaN,0,255
97,MAR55S3C2R2_VLPAGR_20_o-1.roi:MAR55S3C2R2_VLPAGR_20_o-1,0,0,0,0,0,0,957.50000000,385.50000000,957.50000000,385.50000000,0,958,386,1,1,1.12837917,1.12837917,0,0.00000000,0.00000000,0,0,NaN,NaN,0,0,957.50000000,385.50000000,0.00000000,0,0.00000000,0.00000000,NaN,0,255
98,MAR55S3C2R2_VLPAGR_20_o-1.roi:MAR55S3C2R2_VLPAGR_20_o-1,0,0,0,0,0,0,1201.50000000,549.50000000,1201.50000000,549.50000000,0,1202,550,1,1,1.12837917,1.12837917,0,0.00000000,0.00000000,0,0,NaN,NaN,0,0,1201.50000000,549.50000000,0.00000000,0,0.00000000,0.00000000,NaN,0,255
99,MAR55S3C2R2_VLPAGR_20_o-1.roi:MAR55S3C2R2_VLPAGR_20_o-1,0,0,0,0,0,0,481.50000000,913.50000000,481.50000000,913.50000000,0,482,914,1,1,1.12837917,1.12837917,0,0.00000000,0.00000000,0,0,NaN,NaN,0,0,481.50000000,913.50000000,0.00000000,0,0.00000000,0.00000000,NaN,0,255
100,MAR55S3C2R2_VLPAGR_20_o-1.roi:MAR55S3C2R2_VLPAGR_20_o-1,0,0,0,0,0,0,1148.50000000,715.50000000,1148.50000000,715.50000000,0,1149,716,1,1,1.12837917,1.12837917,0,0.00000000,0.00000000,0,0,NaN,NaN,0,0,1148.50000000,715.50000000,0.00000000,0,0.00000000,0.00000000,NaN,0,255
101,MAR55S3C2R2_VLPAGR_20_o-1.roi:MAR55S3C2R2_VLPAGR_20_o-1,0,0,0,0,0,0,1146.50000000,844.50000000,1146.50000000,844.50000000,0,1147,845,1,1,1.12837917,1.12837917,0,0.00000000,0.00000000,0,0,NaN,NaN,0,0,1146.50000000,844.50000000,0.00000000,0,0.00000000,0.00000000,NaN,0,255
102,MAR55S3C2R2_VLPAGR_20_o-1.roi:MAR55S3C2R2_VLPAGR_20_o-1,0,0,0,0,0,0,1140.50000000,1009.50000000,1140.50000000,1009.50000000,0,1141,1010,1,1,1.12837917,1.12837917,0,0.00000000,0.00000000,0,0,NaN,NaN,0,0,1140.50000000,1009.50000000,0.00000000,0,0.00000000,0.00000000,NaN,0,255
103,MAR55S3C2R2_VLPAGR_20_o-1.roi:MAR55S3C2R2_VLPAGR_20_o-1,0,0,0,0,0,0,1059.50000000,1111.50000000,1059.50000000,1111.50000000,0,1060,1112,1,1,1.12837917,1.12837917,0,0.00000000,0.00000000,0,0,NaN,NaN,0,0,1059.50000000,1111.50000000,0.00000000,0,0.00000000,0.00000000,NaN,0,255
104,MAR55S3C2R2_VLPAGR_20_o-1.roi:MAR55S3C2R2_VLPAGR_20_o-1,0,0,0,0,0,0,1266.50000000,1032.50000000,1266.50000000,1032.50000000,0,1267,1033,1,1,1.12837917,1.12837917,0,0.00000000,0.00000000,0,0,NaN,NaN,0,0,1266.50000000,1032.50000000,0.00000000,0,0.00000000,0.00000000,NaN,0,255
105,MAR55S3C2R2_VLPAGR_20_o-1.roi:MAR55S3C2R2_VLPAGR_20_o-1,0,0,0,0,0,0,1271.50000000,990.50000000,1271.50000000,990.50000000,0,1272,991,1,1,1.12837917,1.12837917,0,0.00000000,0.00000000,0,0,NaN,NaN,0,0,1271.50000000,990.50000000,0.00000000,0,0.00000000,0.00000000,NaN,0,255
106,MAR55S3C2R2_VLPAGR_20_o-1.roi:MAR55S3C2R2_VLPAGR_20_o-1,0,0,0,0,0,0,1314.50000000,990.50000000,1314.50000000,990.50000000,0,1315,991,1,1,1.12837917,1.12837917,0,0.00000000,0.00000000,0,0,NaN,NaN,0,0,1314.50000000,990.50000000,0.00000000,0,0.00000000,0.00000000,NaN,0,255
107,MAR55S3C2R2_VLPAGR_20_o-1.roi:MAR55S3C2R2_VLPAGR_20_o-1,0,0,0,0,0,0,1250.50000000,882.50000000,1250.50000000,882.50000000,0,1251,883,1,1,1.12837917,1.12837917,0,0.00000000,0.00000000,0,0,NaN,NaN,0,0,1250.50000000,882.50000000,0.00000000,0,0.00000000,0.00000000,NaN,0,255
108,MAR55S3C2R2_VLPAGR_20_o-1.roi:MAR55S3C2R2_VLPAGR_20_o-1,0,0,0,0,0,0,1247.50000000,831.50000000,1247.50000000,831.50000000,0,1248,832,1,1,1.12837917,1.12837917,0,0.00000000,0.00000000,0,0,NaN,NaN,0,0,1247.50000000,831.50000000,0.00000000,0,0.00000000,0.00000000,NaN,0,255
109,MAR55S3C2R2_VLPAGR_20_o-1.roi:MAR55S3C2R2_VLPAGR_20_o-1,0,0,0,0,0,0,1352.50000000,784.50000000,1352.50000000,784.50000000,0,1353,785,1,1,1.12837917,1.12837917,0,0.00000000,0.00000000,0,0,NaN,NaN,0,0,1352.50000000,784.50000000,0.00000000,0,0.00000000,0.00000000,NaN,0,255
110,MAR55S3C2R2_VLPAGR_20_o-1.roi:MAR55S3C2R2_VLPAGR_20_o-1,0,0,0,0,0,0,1355.50000000,880.50000000,1355.50000000,880.50000000,0,1356,881,1,1,1.12837917,1.12837917,0,0.00000000,0.00000000,0,0,NaN,NaN,0,0,1355.50000000,880.50000000,0.00000000,0,0.00000000,0.00000000,NaN,0,255
111,MAR55S3C2R2_VLPAGR_20_o-1.roi:MAR55S3C2R2_VLPAGR_20_o-1,0,0,0,0,0,0,1401.50000000,942.50000000,1401.50000000,942.50000000,0,1402,943,1,1,1.12837917,1.12837917,0,0.00000000,0.00000000,0,0,NaN,NaN,0,0,1401.50000000,942.50000000,0.00000000,0,0.00000000,0.00000000,NaN,0,255
112,MAR55S3C2R2_VLPAGR_20_o-1.roi:MAR55S3C2R2_VLPAGR_20_o-1,0,0,0,0,0,0,1398.50000000,970.50000000,1398.50000000,970.50000000,0,1399,971,1,1,1.12837917,1.12837917,0,0.00000000,0.00000000,0,0,NaN,NaN,0,0,1398.50000000,970.50000000,0.00000000,0,0.00000000,0.00000000,NaN,0,255
113,MAR55S3C2R2_VLPAGR_20_o-1.roi:MAR55S3C2R2_VLPAGR_20_o-1,0,0,0,0,0,0,1433.50000000,913.50000000,1433.50000000,913.50000000,0,1434,914,1,1,1.12837917,1.12837917,0,0.00000000,0.00000000,0,0,NaN,NaN,0,0,1433.50000000,913.50000000,0.00000000,0,0.00000000,0.00000000,NaN,0,255
114,MAR55S3C2R2_VLPAGR_20_o-1.roi:MAR55S3C2R2_VLPAGR_20_o-1,0,0,0,0,0,0,1539.50000000,945.50000000,1539.50000000,945.50000000,0,1540,946,1,1,1.12837917,1.12837917,0,0.00000000,0.00000000,0,0,NaN,NaN,0,0,1539.50000000,945.50000000,0.00000000,0,0.00000000,0.00000000,NaN,0,255
115,MAR55S3C2R2_VLPAGR_20_o-1.roi:MAR55S3C2R2_VLPAGR_20_o-1,0,0,0,0,0,0,1484.50000000,783.50000000,1484.50000000,783.50000000,0,1485,784,1,1,1.12837917,1.12837917,0,0.00000000,0.00000000,0,0,NaN,NaN,0,0,1484.50000000,783.50000000,0.00000000,0,0.00000000,0.00000000,NaN,0,255
116,MAR55S3C2R2_VLPAGR_20_o-1.roi,1741773,0,0,0,0,0,775.50000000,561.50000000,775.50000000,561.50000000,5348,0,0,1551,1123,1750.11608807,1267.16980458,0,0.76527693,1914.87075282,0,0,NaN,NaN,0,0,0.00000000,0.00000000,144.09361963,1123,1.38112199,0.72404900,1.00000000,0,255
